[
  {
    "type": "direct_download",
    "ident": "Arts' Guns",
    "name": "Artyoms' Gun Emporium",
    "description": "Adds all the guns that YOU need to survive the Cataclysm",
    "author": "Artyom177",
    "size": 23616,
    "url": "https://www.dropbox.com/s/woq8jdbr4ri7s4i/Artyoms%27%20Gun%20Emporium.rar?dl=1",
    "homepage": "https://discourse.cataclysmdda.org/t/artyoms-gun-emporium-update-2-hotfix-1-holy-shit/10035"
  },
  {
    "type": "browser_download",
    "ident": "Arts' Guns",
    "name": "Artyoms' Gun Emporium - Reloaded",
    "description": "Adds all the guns that YOU need to survive the Cataclysm",
    "author": "Artyom177, Leon713, and /u/chieflean",
    "size": 28885,
    "url": "https://mega.nz/#!jBIwVSSD!nlFJlnEvvUi9Z8AhIbEQqUxc0F7hYIXfOpEKay1eybE",
    "expected_filename": "Artyom Emporium v.1.zip",
    "homepage": "https://discourse.cataclysmdda.org/t/artyoms-gun-emporium-reloaded-more-guns/15045"
  },
  {
    "type": "direct_download",
    "ident": "ext",
    "name": "EXTENDED_BUILDINGS",
    "description": "Adds More Buildings",
    "author": "Whaley",
    "size": 25800,
    "url": "https://www.dropbox.com/s/buonljnjy2csz5c/ZSFixed_Extended%20Buildings.zip?dl=1",
    "homepage": "https://discourse.cataclysmdda.org/t/extended-buildings-v1-0-bad-moon-rising/8104"
  },
  {
    "type": "direct_download",
    "ident": "ZSFIXED_cddaxp",
    "name": "ZSFIXED_C:DDA Extra Professions & Gears",
    "author": "Marte",
    "description": "Adds a new set of professions and relative gears.",
    "category": "rebalance",
    "size": 21367,
    "url": "https://www.dropbox.com/s/r4ay5uqdnyfp36j/ZSFixed_CDDAXP_2017-05-18.zip?dl=1",
    "homepage": "https://discourse.cataclysmdda.org/t/c-dda-extra-professions-gears/10856"
  },
  {
    "type": "browser_download",
    "ident": "jury_rigged_robots",
    "name": "Jury-Rigged Robots",
    "description": "Options for salvaging, jury rigging, and reprogramming broken robots.",
    "author": "Sunshine",
    "size": 10625,
    "url": "https://mega.co.nz/#!rQkklSKQ!l_2XXv7YtnK8On668dqHH-MKA5THufUulGoXr-YRvjA",
    "expected_filename": "Jury_Rigged_Robots.7z",
    "homepage": "https://discourse.cataclysmdda.org/t/jury-rigged-robots-mod/9943"
  },
  {
    "type": "direct_download",
    "ident": "NM_wpns",
    "name": "Nimian Manufacture Guns",
    "description": "A new set of guns, light and accurate, as well as some other toys.",
    "author": "...",
    "size": 9625,
    "url": "https://docs.google.com/uc?id=0BymjOrrNny5BdTk4NUNoNUFkcG8&export=download",
    "homepage": "https://discourse.cataclysmdda.org/t/nimians-manufacture-weapons-mod/10031/13"
  },
  {
    "type": "browser_download",
    "ident": "Remove_Nether",
    "name": "Removes Nether Creatures",
    "author": "TheMightyHercules",
    "description": "Having Difficulties With Those Nether Creatures?                With This Mod, Those Mi-gos Will Be Mi-gone!",
    "size": 1240,
    "url": "http://www.mediafire.com/download/xxck63jcwhbf1g0/Removes+Nether+Creatures+Mod.zip",
    "expected_filename": "Removes Nether Creatures Mod.zip",
    "homepage": "https://discourse.cataclysmdda.org/t/removes-nether-creatures-mod-wip/10307"
  },
  {
    "type": "direct_download",
    "ident": "StatsThroughSkillsThree",
    "name": "StatsThoughSkills III",
    "author": "Plaidman",
    "description": "Allows stats to raise logarithmically via skill progression. Designed to allow changing your starting stats.",
    "category": "rebalance",
    "size": 1934,
    "url": "https://bitbucket.org/jrtomsic/cataclysm-dda/downloads/StatsThroughSkillsIII.zip",
    "homepage": "https://discourse.cataclysmdda.org/t/statsthroughskills-ii/10627/21"
  },
  {
    "type": "direct_download",
    "ident": "StatsThroughSkillsFour",
    "name": "StatsThoughSkills IV",
    "author": "TaiGambol, Michaelmalus",
    "description": "Allows stats to raise logarithmically via skill progression. Designed to allow changing your starting stats.",
    "category": "rebalance",
    "size": 1398,
    "url": "https://www.dropbox.com/s/hjmus5en099b9eq/Stats%20Through%20Skills%20IV.7z?dl=1",
    "homepage": "https://discourse.cataclysmdda.org/t/statsthroughskills-ii/10627/28"
  },
  {
    "type": "direct_download",
    "mod-type": "SUPPLEMENTAL",
    "ident": "Cata++",
    "name": "Cataclysm++",
    "author": "Noctifer",
    "description": "The unofficial expansion mod for Cataclysm: Dark Days Ahead.",
    "size": 94386,
    "url": "https://github.com/Noctifer-de-Mortem/nocts_cata_mod/archive/master.zip",
    "homepage": "https://discourse.cataclysmdda.org/t/cataclysm-mod/10523"
  },
  {
    "type": "direct_download",
    "ident": "Mining_Mod",
    "name": "Mining Mod",
    "author": "DangerNoodle",
    "description": "Adds mineral veins randomly found underground, to obtain various natural resources.",
    "category": "misc_additions",
    "size": 7799,
    "url": "https://github.com/DangerNoodle/mining-mod/archive/master.zip",
    "homepage": "https://discourse.cataclysmdda.org/t/dangernoodles-mining-mod/12576"
  },
  {
    "type": "direct_download",
    "ident": "Packaging",
    "name": "Packaging",
    "author": "Leon",
    "description": "Adds medium sized cardboard boxes and makeshift storage boxes. These grant reduction in volume at the price of increased weight (wrapping).",
    "category": "items",
    "size": 276302,
    "url": "https://www.dropbox.com/s/50kk1p59l70pgox/Packaging.zip?dl=1",
    "homepage": "https://discourse.cataclysmdda.org/t/packaging-update-2016-11-02/11916"
  },
  {
    "type": "direct_download",
    "ident": "PARKSANDREC",
    "name": "Parks and Rec Building Pack",
    "description": "Adds more park themed buildings.",
    "category": "Buildings",
    "author": "Whaley",
    "size": 29308,
    "url": "https://www.dropbox.com/s/maj5rks5kr2aek9/ZSFixed_Cataclysm%20Parks%20and%20Rec%20Building%20Pack.zip?dl=1",
    "homepage": "https://discourse.cataclysmdda.org/t/parks-and-recreation-building-pack-v1-0/11803"
  },
  {
    "type": "direct_download",
    "ident": "ms",
    "name": "Mutation stuff",
    "description": "Changes and rebalances mutations",
    "category": "mutations",
    "author": "Peeved Penguin",
    "size": 27453,
    "url": "https://www.dropbox.com/s/5zpxoppmorlqc1t/Mutation%20changes.rar?dl=1",
    "homepage": "https://discourse.cataclysmdda.org/t/mutation-changes-mod/12362"
  },
  {
    "type": "browser_download",
    "ident": "No_Recreationals",
    "name": "No Recreationals",
    "description": "Removes all recreational drug instances from the game so that my dad doesn't freak when I teach him how to play.",
    "category": "item_exclude",
    "size": 645,
    "url": "http://www.mediafire.com/download/sp1r0y160048uw3/No_Recreationals.zip",
    "expected_filename": "No_Recreationals.zip",
    "homepage": "https://discourse.cataclysmdda.org/t/no-recreational-drugs-mod/12354"
  },
  {
    "type": "direct_download",
    "ident": "SMALLTOWNBUILDING",
    "name": "Whaleys Small Town Building Pack",
    "description": "Adds more quiant buildings, and a zoo.",
    "category": "Buildings",
    "author": "Whaley",
    "size": 31773,
    "url": "https://www.dropbox.com/s/1rtpemg9pxbt0lb/Small%20Town%20Building%20Pack.zip?dl=1",
    "homepage": "https://discourse.cataclysmdda.org/t/small-town-building-pack/13690"
  },
  {
    "type": "direct_download",
    "ident": "PK_REBALANCE",
    "name": "PKs Rebalancing [Latest]",
    "description": "Rebalances spawn list, adds new monsters and items, adds new buildings and fortifies old buildings, and strives to create a harsher enviornment to survive in.",
    "category": "creatures",
    "author": "pisskop",
    "size": 568571,
    "url": "https://github.com/pisskop/PKs_Rebalancing/archive/master.zip",
    "homepage": "https://github.com/pisskop/PKs_Rebalancing"
  },
  {
    "type": "direct_download",
    "ident": "oa_additional_buildings_mod",
    "name": "Oa's Additional Buildings mod",
    "description": "Adds more buildings into the game, (for a full list see readme)",
    "category": "buildings",
    "author": "Oa",
    "size": 26218,
    "url": "https://github.com/Narroe/oa_additional_buildings_mod/archive/master.zip",
    "homepage": "https://discourse.cataclysmdda.org/t/additional-buildings-mod/15364"
  },
  {
    "type": "direct_download",
    "ident": "FujiStruct",
    "name": "Fuji's More Buildings",
    "description": "Adds more buildings and more variations to existing buildings.",
    "category": "buildings",
    "author": "Fuji",
    "size": 55262,
    "url": "https://github.com/NotFuji/Fuji_Structures/archive/master.zip",
    "homepage": "https://discourse.cataclysmdda.org/t/fujis-structures/15351"
  },
  {
    "type": "direct_download",
    "ident": "cityside",
    "name": "More City Locations",
    "description": "Adds more inner-city locations. Bring variety to your city life!",
    "category": "buildings",
    "author": "nornagon",
    "size": 11883,
    "url": "https://github.com/nornagon/cdda-more-city-locations/archive/master.zip",
    "homepage": "https://discourse.cataclysmdda.org/t/more-city-locations/13954"
  },
  {
    "type": "direct_download",
    "ident": "no_pipe_guns",
    "name": "No Makeshift Firearms",
    "description": "Removes crafted pipe and scrap metal firearms that fire conventional cartridges.",
    "category": "item_exclude",
    "author": "Cyrano7",
    "size": 1148,
    "url": "https://github.com/Cyrano7/No-Makeshift-Firearms-Mod/archive/master.zip",
    "homepage": "https://discourse.cataclysmdda.org/t/no-makeshift-guns-mod"
  },
  {
    "type": "browser_download",
    "ident": "SD_Winterclothes",
    "name": "Wintertime Classes",
    "description": "Adds upcosted, powered-up clones of standard professions clad for wintertime.",
    "category": "rebalance",
    "author": "ShadowDragon8685",
    "size": 5816,
    "url": "https://drive.google.com/open?id=1Syut09Asr393JYkzND3-FAYcR5sv_jFM",
    "expected_filename": "SD_Winterclothes.zip",
    "homepage": "https://discourse.cataclysmdda.org/t/wintertime-classes/14608"
  },
  {
    "type": "browser_download",
    "ident": "SD_Batcon",
    "name": "Storage Battery Conversions",
    "description": "Convert Brightnights' Rechargable Batteries to vanilla Storage Batteries.",
    "category": "items",
    "author": "ShadowDragon8685",
    "size": 1059,
    "url": "https://drive.google.com/open?id=1cEN6MG--udSFDIf03Yulazp049oSvQZ_",
    "expected_filename": "SD_Batcon.zip",
    "homepage": "https://discourse.cataclysmdda.org/t/battery-conversion-brightnights-to-vanilla/14639"
  },
  {
    "type": "browser_download",
    "ident": "SD_Magcrafting",
    "name": "Craft Ammo Magazines & Belt Links",
    "description": "Adds recipes for ammo mags and belt linkages.",
    "category": "items",
    "author": "ShadowDragon8685",
    "size": 16441,
    "url": "https://drive.google.com/open?id=1yUoz9XrSGG7TaLpWzNMCFKMS-2lETuuU",
    "expected_filename": "SD_Magcrafting.zip",
    "homepage": "https://discourse.cataclysmdda.org/t/craftable-ammunition-magazines/14607"
  },
  {
    "type": "browser_download",
    "ident": "SD_Magcrafting_Realguns_Extension",
    "name": "Craft Ammo Mags - ERG",
    "description": "Adds recipes for ammo mags for Extended Realistic Guns.",
    "category": "items",
    "author": "ShadowDragon8685",
    "size": 1316,
    "url": "https://drive.google.com/open?id=1rfZUhaJAGMOKIWzfdN7wuJnJH6bGBZAl",
    "expected_filename": "SD_Magcrafting_Extension_Realguns.zip",
    "homepage": "https://discourse.cataclysmdda.org/t/craftable-ammunition-magazines/14607"
  },
  {
    "type": "direct_download",
    "ident": "Arcana",
    "name": "Arcana and Magic Items",
    "description": "Adds a new skill for creating and using magical items, and alters many anomalous monsters.",
    "category": "magical",
    "author": "Chaosvolt",
    "size": 67754,
    "url": "https://github.com/chaosvolt/cdda-arcana-mod/archive/master.zip",
    "homepage": "https://discourse.cataclysmdda.org/t/magical-items-and-arcana-skill-no-longer-merged-hosted-on-github/10288"
  },
  {
    "type": "direct_download",
    "ident": [ "dda-lua", "dda-lua-fun", "dda-lua-items", "dda-lua-skills", "dda-lua-traits" ],
    "name": "Dark Days Ahead: Lua",
    "description": "Shared LUA library for easier LUA modding of Dark Days Ahead and collection of mods based on this library.",
    "category": "content",
    "author": "ZhilkinSerg",
    "size": 85104,
    "url": "https://github.com/ZhilkinSerg/Cataclysm-DDA-LUA/archive/master.zip",
    "homepage": "https://discourse.cataclysmdda.org/t/cataclysm-dda-lua-updated-on-2017-11-29/14117"
  }
]
