[
    {
        "type": "direct_download",
        "viewname": "ChestHole",
        "name": "ChestHole",
        "url": "http://chezzo.com/cdda/ChestHoleSoundSet.zip",
        "homepage": "https://discourse.cataclysmdda.org/t/ambient-sounds/9710/182"
    },
    {
        "type": "direct_download",
        "viewname": "ChestOldTimey",
        "name": "ChestOldTimey",
        "url": "http://chezzo.com/cdda/ChestOldTimeyLessismore.zip",
        "homepage": "https://www.reddit.com/r/cataclysmdda/comments/53ndzx/music_recommendations_to_listen_to_while_playing/d7vfd7w"
    },
    {
        "type": "direct_download",
        "viewname": "ChestHoleCC",
        "name": "ChestHoleCC",
        "url": "http://chezzo.com/cdda/ChestHoleCCSoundset.zip",
        "homepage": "https://www.reddit.com/r/cataclysmdda/comments/53ndzx/music_recommendations_to_listen_to_while_playing/d7vfd7w"
    },
    {
        "type": "direct_download",
        "viewname": "RRFSounds",
        "name": "RRFSounds",
        "url": "https://www.dropbox.com/s/d8dfmb2facvkdh6/RRFSounds.zip?dl=1",
        "size": 80933991,
        "homepage": "https://discourse.cataclysmdda.org/t/ambient-sounds/9710/201"
    },
    {
        "type": "direct_download",
        "viewname": "CDDA-Soundpack",
        "name": "CDDA-Soundpack",
        "url": "https://github.com/budg3/CDDA-Soundpack/archive/master.zip",
        "size": 48214543,
        "homepage": "https://discourse.cataclysmdda.org/t/cdda-soundpack/15329"
    }
]
